<?xml version="1.0" encoding="UTF-8"?>
<GenRun Id="impl_1" LaunchPart="xc7k70tfbv676-1" LaunchTime="1589937611">
  <File Type="BITSTR-BMM" Name="TOP_CPU_MC_bd.bmm"/>
  <File Type="PA-TCL" Name="TOP_CPU_MC.tcl"/>
  <File Type="OPT-DCP" Name="TOP_CPU_MC_opt.dcp"/>
  <File Type="REPORTS-TCL" Name="TOP_CPU_MC_reports.tcl"/>
  <File Type="PLACE-PRE-SIMILARITY" Name="TOP_CPU_MC_incremental_reuse_pre_placed.rpt"/>
  <File Type="OPT-DRC" Name="TOP_CPU_MC_drc_opted.rpt"/>
  <File Type="OPT-HWDEF" Name="TOP_CPU_MC.hwdef"/>
  <File Type="PWROPT-DCP" Name="TOP_CPU_MC_pwropt.dcp"/>
  <File Type="PLACE-DCP" Name="TOP_CPU_MC_placed.dcp"/>
  <File Type="POSTPLACE-PWROPT-DCP" Name="TOP_CPU_MC_postplace_pwropt.dcp"/>
  <File Type="BG-BIN" Name="TOP_CPU_MC.bin"/>
  <File Type="PHYSOPT-DCP" Name="TOP_CPU_MC_physopt.dcp"/>
  <File Type="BITSTR-MSK" Name="TOP_CPU_MC.msk"/>
  <File Type="ROUTE-ERROR-DCP" Name="TOP_CPU_MC_routed_error.dcp"/>
  <File Type="ROUTE-DCP" Name="TOP_CPU_MC_routed.dcp"/>
  <File Type="ROUTE-BLACKBOX-DCP" Name="TOP_CPU_MC_routed_bb.dcp"/>
  <File Type="BITSTR-MMI" Name="TOP_CPU_MC.mmi"/>
  <File Type="ROUTE-TIMING-PB" Name="TOP_CPU_MC_timing_summary_routed.pb"/>
  <File Type="POSTROUTE-PHYSOPT-DCP" Name="TOP_CPU_MC_postroute_physopt.dcp"/>
  <File Type="POSTROUTE-PHYSOPT-BLACKBOX-DCP" Name="TOP_CPU_MC_postroute_physopt_bb.dcp"/>
  <File Type="BG-BIT" Name="TOP_CPU_MC.bit"/>
  <File Type="BITSTR-RBT" Name="TOP_CPU_MC.rbt"/>
  <File Type="BITSTR-NKY" Name="TOP_CPU_MC.nky"/>
  <File Type="PDI-FILE" Name="TOP_CPU_MC.pdi"/>
  <File Type="RCFI_FILE" Name="TOP_CPU_MC.rcfi"/>
  <File Type="WBT-USG" Name="usage_statistics_webtalk.html"/>
  <File Type="CFI_FILE" Name="TOP_CPU_MC.cfi"/>
  <File Type="RNPI_FILE" Name="TOP_CPU_MC.rnpi"/>
  <File Type="NPI_FILE" Name="TOP_CPU_MC.npi"/>
  <File Type="RBD_FILE" Name="TOP_CPU_MC.rbd"/>
  <File Type="BITSTR-LTX" Name="TOP_CPU_MC.ltx"/>
  <File Type="BITSTR-SYSDEF" Name="TOP_CPU_MC.sysdef"/>
  <File Type="BG-BGN" Name="TOP_CPU_MC.bgn"/>
  <File Type="BG-DRC" Name="TOP_CPU_MC.drc"/>
  <File Type="RDI-RDI" Name="TOP_CPU_MC.vdi"/>
  <FileSet Name="sources" Type="DesignSrcs" RelSrcDir="$PSRCDIR/sources_1">
    <Filter Type="Srcs"/>
    <File Path="$PSRCDIR/sources_1/imports/new/ALU.vhd">
      <FileInfo>
        <Attr Name="ImportPath" Val="$PPRDIR/../../../../../../../../ACE312_PROC_SC/ACE312_PROC_SC.srcs/sources_1/imports/new/ALU.vhd"/>
        <Attr Name="ImportTime" Val="1588003083"/>
        <Attr Name="UsedIn" Val="synthesis"/>
        <Attr Name="UsedIn" Val="simulation"/>
      </FileInfo>
    </File>
    <File Path="$PSRCDIR/sources_1/imports/new/CONTROL_MC.vhd">
      <FileInfo>
        <Attr Name="ImportPath" Val="$PPRDIR/../../../../../../../../PROC_MC/PROC_MC.srcs/sources_1/imports/new/CONTROL_MC.vhd"/>
        <Attr Name="ImportTime" Val="1589842431"/>
        <Attr Name="UsedIn" Val="synthesis"/>
        <Attr Name="UsedIn" Val="simulation"/>
      </FileInfo>
    </File>
    <File Path="$PSRCDIR/sources_1/imports/new/DATAPATH_MC.vhd">
      <FileInfo>
        <Attr Name="ImportPath" Val="$PPRDIR/../../../../../../../../PROC_MC/PROC_MC.srcs/sources_1/imports/new/DATAPATH_MC.vhd"/>
        <Attr Name="ImportTime" Val="1589306301"/>
        <Attr Name="UsedIn" Val="synthesis"/>
        <Attr Name="UsedIn" Val="simulation"/>
      </FileInfo>
    </File>
    <File Path="$PSRCDIR/sources_1/imports/new/DECSTAGE.vhd">
      <FileInfo>
        <Attr Name="ImportPath" Val="$PPRDIR/../../../../../../../../ACE312_PROC_SC/ACE312_PROC_SC.srcs/sources_1/imports/new/DECSTAGE.vhd"/>
        <Attr Name="ImportTime" Val="1587756623"/>
        <Attr Name="UsedIn" Val="synthesis"/>
        <Attr Name="UsedIn" Val="simulation"/>
      </FileInfo>
    </File>
    <File Path="$PSRCDIR/sources_1/imports/new/EXSTAGE.vhd">
      <FileInfo>
        <Attr Name="ImportPath" Val="$PPRDIR/../../../../../../../../ACE312_PROC_SC/ACE312_PROC_SC.srcs/sources_1/imports/new/EXSTAGE.vhd"/>
        <Attr Name="ImportTime" Val="1587751647"/>
        <Attr Name="UsedIn" Val="synthesis"/>
        <Attr Name="UsedIn" Val="simulation"/>
      </FileInfo>
    </File>
    <File Path="$PSRCDIR/sources_1/imports/new/IFSTAGE_MC.vhd">
      <FileInfo>
        <Attr Name="ImportPath" Val="$PPRDIR/../../../../../../../../PROC_MC/PROC_MC.srcs/sources_1/imports/new/IFSTAGE_MC.vhd"/>
        <Attr Name="ImportTime" Val="1589306404"/>
        <Attr Name="UsedIn" Val="synthesis"/>
        <Attr Name="UsedIn" Val="simulation"/>
      </FileInfo>
    </File>
    <File Path="$PSRCDIR/sources_1/imports/new/MEMSTAGE.vhd">
      <FileInfo>
        <Attr Name="ImportPath" Val="$PPRDIR/../../../../../../../../ACE312_PROC_SC/ACE312_PROC_SC.srcs/sources_1/imports/new/MEMSTAGE.vhd"/>
        <Attr Name="ImportTime" Val="1587756524"/>
        <Attr Name="UsedIn" Val="synthesis"/>
        <Attr Name="UsedIn" Val="simulation"/>
      </FileInfo>
    </File>
    <File Path="$PSRCDIR/sources_1/imports/new/PROCESSOR_MC.vhd">
      <FileInfo>
        <Attr Name="ImportPath" Val="$PPRDIR/../../../../../../../../PROC_MC/PROC_MC.srcs/sources_1/imports/new/PROCESSOR_MC.vhd"/>
        <Attr Name="ImportTime" Val="1589842554"/>
        <Attr Name="UsedIn" Val="synthesis"/>
        <Attr Name="UsedIn" Val="simulation"/>
      </FileInfo>
    </File>
    <File Path="$PSRCDIR/sources_1/imports/new/dec.vhd">
      <FileInfo>
        <Attr Name="ImportPath" Val="$PPRDIR/../../../../../../../../ACE312_PROC_SC/ACE312_PROC_SC.srcs/sources_1/imports/new/dec.vhd"/>
        <Attr Name="ImportTime" Val="1587755752"/>
        <Attr Name="UsedIn" Val="synthesis"/>
        <Attr Name="UsedIn" Val="simulation"/>
      </FileInfo>
    </File>
    <File Path="$PSRCDIR/sources_1/imports/new/immed_handlr.vhd">
      <FileInfo>
        <Attr Name="ImportPath" Val="$PPRDIR/../../../../../../../../ACE312_PROC_SC/ACE312_PROC_SC.srcs/sources_1/imports/new/immed_handlr.vhd"/>
        <Attr Name="ImportTime" Val="1587479079"/>
        <Attr Name="UsedIn" Val="synthesis"/>
        <Attr Name="UsedIn" Val="simulation"/>
      </FileInfo>
    </File>
    <File Path="$PSRCDIR/sources_1/imports/new/mux.vhd">
      <FileInfo>
        <Attr Name="ImportPath" Val="$PPRDIR/../../../../../../../../ACE312_PROC_SC/ACE312_PROC_SC.srcs/sources_1/imports/new/mux.vhd"/>
        <Attr Name="ImportTime" Val="1587425043"/>
        <Attr Name="UsedIn" Val="synthesis"/>
        <Attr Name="UsedIn" Val="simulation"/>
      </FileInfo>
    </File>
    <File Path="$PSRCDIR/sources_1/imports/new/mux_2_1.vhd">
      <FileInfo>
        <Attr Name="ImportPath" Val="$PPRDIR/../../../../../../../../ACE312_PROC_SC/ACE312_PROC_SC.srcs/sources_1/imports/new/mux_2_1.vhd"/>
        <Attr Name="ImportTime" Val="1587422531"/>
        <Attr Name="UsedIn" Val="synthesis"/>
        <Attr Name="UsedIn" Val="simulation"/>
      </FileInfo>
    </File>
    <File Path="$PSRCDIR/sources_1/imports/new/mux_2_1_5bit.vhd">
      <FileInfo>
        <Attr Name="ImportPath" Val="$PPRDIR/../../../../../../../../ACE312_PROC_SC/ACE312_PROC_SC.srcs/sources_1/imports/new/mux_2_1_5bit.vhd"/>
        <Attr Name="ImportTime" Val="1587423618"/>
        <Attr Name="UsedIn" Val="synthesis"/>
        <Attr Name="UsedIn" Val="simulation"/>
      </FileInfo>
    </File>
    <File Path="$PSRCDIR/sources_1/new/mux_3_1.vhd">
      <FileInfo>
        <Attr Name="ImportPath" Val="$PPRDIR/../../../../../../../../PROC_MC/PROC_MC.srcs/sources_1/new/mux_3_1.vhd"/>
        <Attr Name="ImportTime" Val="1589733691"/>
        <Attr Name="UsedIn" Val="synthesis"/>
        <Attr Name="UsedIn" Val="simulation"/>
      </FileInfo>
    </File>
    <File Path="$PSRCDIR/sources_1/imports/new/plain_reg.vhd">
      <FileInfo>
        <Attr Name="ImportPath" Val="$PPRDIR/../../../../../../../../ACE312_PROC_SC/ACE312_PROC_SC.srcs/sources_1/imports/new/plain_reg.vhd"/>
        <Attr Name="ImportTime" Val="1587899432"/>
        <Attr Name="UsedIn" Val="synthesis"/>
        <Attr Name="UsedIn" Val="simulation"/>
      </FileInfo>
    </File>
    <File Path="$PSRCDIR/sources_1/imports/new/ram.vhd">
      <FileInfo>
        <Attr Name="ImportPath" Val="$PPRDIR/../../../../../../../../ACE312_PROC_SC/ACE312_PROC_SC.srcs/sources_1/imports/new/ram.vhd"/>
        <Attr Name="ImportTime" Val="1587768307"/>
        <Attr Name="UsedIn" Val="synthesis"/>
        <Attr Name="UsedIn" Val="simulation"/>
      </FileInfo>
    </File>
    <File Path="$PSRCDIR/sources_1/imports/new/register_file.vhd">
      <FileInfo>
        <Attr Name="ImportPath" Val="$PPRDIR/../../../../../../../../ACE312_PROC_SC/ACE312_PROC_SC.srcs/sources_1/imports/new/register_file.vhd"/>
        <Attr Name="ImportTime" Val="1587755380"/>
        <Attr Name="UsedIn" Val="synthesis"/>
        <Attr Name="UsedIn" Val="simulation"/>
      </FileInfo>
    </File>
    <File Path="$PSRCDIR/sources_1/new/TOP_CPU_MC.vhd">
      <FileInfo>
        <Attr Name="ImportPath" Val="$PPRDIR/../../../../../../../../PROC_MC/PROC_MC.srcs/sources_1/new/TOP_CPU_MC.vhd"/>
        <Attr Name="ImportTime" Val="1589842525"/>
        <Attr Name="UsedIn" Val="synthesis"/>
        <Attr Name="UsedIn" Val="simulation"/>
      </FileInfo>
    </File>
    <Config>
      <Option Name="DesignMode" Val="RTL"/>
      <Option Name="TopModule" Val="TOP_CPU_MC"/>
      <Option Name="TopAutoSet" Val="TRUE"/>
    </Config>
  </FileSet>
  <FileSet Name="constrs_in" Type="Constrs" RelSrcDir="$PSRCDIR/constrs_1">
    <Filter Type="Constrs"/>
    <Config>
      <Option Name="ConstrsType" Val="XDC"/>
    </Config>
  </FileSet>
  <FileSet Name="utils" Type="Utils" RelSrcDir="$PSRCDIR/utils_1">
    <Filter Type="Utils"/>
    <Config>
      <Option Name="TopAutoSet" Val="TRUE"/>
    </Config>
  </FileSet>
  <Strategy Version="1" Minor="2">
    <StratHandle Name="Vivado Implementation Defaults" Flow="Vivado Implementation 2019"/>
    <Step Id="init_design"/>
    <Step Id="opt_design"/>
    <Step Id="power_opt_design"/>
    <Step Id="place_design"/>
    <Step Id="post_place_power_opt_design"/>
    <Step Id="phys_opt_design" EnableStepBool="1"/>
    <Step Id="route_design"/>
    <Step Id="post_route_phys_opt_design"/>
    <Step Id="write_bitstream"/>
    <Step Id="write_device_image"/>
  </Strategy>
</GenRun>
