<?xml version="1.0" encoding="UTF-8"?>
<GenRun Id="synth_1" LaunchPart="xc7k70tfbv676-1" LaunchTime="1589937611">
  <File Type="PA-TCL" Name="TOP_CPU_MC.tcl"/>
  <File Type="REPORTS-TCL" Name="TOP_CPU_MC_reports.tcl"/>
  <File Type="RDS-RDS" Name="TOP_CPU_MC.vds"/>
  <File Type="RDS-UTIL" Name="TOP_CPU_MC_utilization_synth.rpt"/>
  <File Type="RDS-UTIL-PB" Name="TOP_CPU_MC_utilization_synth.pb"/>
  <File Type="RDS-DCP" Name="TOP_CPU_MC.dcp"/>
  <FileSet Name="sources" Type="DesignSrcs" RelSrcDir="$PSRCDIR/sources_1">
    <Filter Type="Srcs"/>
    <File Path="$PSRCDIR/sources_1/imports/new/ALU.vhd">
      <FileInfo>
        <Attr Name="ImportPath" Val="$PPRDIR/../../../../../ACE312_PROC_SC/ACE312_PROC_SC.srcs/sources_1/imports/new/ALU.vhd"/>
        <Attr Name="ImportTime" Val="1588003083"/>
        <Attr Name="UsedIn" Val="synthesis"/>
        <Attr Name="UsedIn" Val="simulation"/>
      </FileInfo>
    </File>
    <File Path="$PSRCDIR/sources_1/imports/new/CONTROL_MC.vhd">
      <FileInfo>
        <Attr Name="ImportPath" Val="$PPRDIR/../../../../../PROC_MC/PROC_MC.srcs/sources_1/imports/new/CONTROL_MC.vhd"/>
        <Attr Name="ImportTime" Val="1589842431"/>
        <Attr Name="UsedIn" Val="synthesis"/>
        <Attr Name="UsedIn" Val="simulation"/>
      </FileInfo>
    </File>
    <File Path="$PSRCDIR/sources_1/imports/new/DATAPATH_MC.vhd">
      <FileInfo>
        <Attr Name="ImportPath" Val="$PPRDIR/../../../../../PROC_MC/PROC_MC.srcs/sources_1/imports/new/DATAPATH_MC.vhd"/>
        <Attr Name="ImportTime" Val="1589306301"/>
        <Attr Name="UsedIn" Val="synthesis"/>
        <Attr Name="UsedIn" Val="simulation"/>
      </FileInfo>
    </File>
    <File Path="$PSRCDIR/sources_1/imports/new/DECSTAGE.vhd">
      <FileInfo>
        <Attr Name="ImportPath" Val="$PPRDIR/../../../../../ACE312_PROC_SC/ACE312_PROC_SC.srcs/sources_1/imports/new/DECSTAGE.vhd"/>
        <Attr Name="ImportTime" Val="1587756623"/>
        <Attr Name="UsedIn" Val="synthesis"/>
        <Attr Name="UsedIn" Val="simulation"/>
      </FileInfo>
    </File>
    <File Path="$PSRCDIR/sources_1/imports/new/EXSTAGE.vhd">
      <FileInfo>
        <Attr Name="ImportPath" Val="$PPRDIR/../../../../../ACE312_PROC_SC/ACE312_PROC_SC.srcs/sources_1/imports/new/EXSTAGE.vhd"/>
        <Attr Name="ImportTime" Val="1587751647"/>
        <Attr Name="UsedIn" Val="synthesis"/>
        <Attr Name="UsedIn" Val="simulation"/>
      </FileInfo>
    </File>
    <File Path="$PSRCDIR/sources_1/imports/new/IFSTAGE_MC.vhd">
      <FileInfo>
        <Attr Name="ImportPath" Val="$PPRDIR/../../../../../PROC_MC/PROC_MC.srcs/sources_1/imports/new/IFSTAGE_MC.vhd"/>
        <Attr Name="ImportTime" Val="1589306404"/>
        <Attr Name="UsedIn" Val="synthesis"/>
        <Attr Name="UsedIn" Val="simulation"/>
      </FileInfo>
    </File>
    <File Path="$PSRCDIR/sources_1/imports/new/MEMSTAGE.vhd">
      <FileInfo>
        <Attr Name="ImportPath" Val="$PPRDIR/../../../../../ACE312_PROC_SC/ACE312_PROC_SC.srcs/sources_1/imports/new/MEMSTAGE.vhd"/>
        <Attr Name="ImportTime" Val="1587756524"/>
        <Attr Name="UsedIn" Val="synthesis"/>
        <Attr Name="UsedIn" Val="simulation"/>
      </FileInfo>
    </File>
    <File Path="$PSRCDIR/sources_1/imports/new/PROCESSOR_MC.vhd">
      <FileInfo>
        <Attr Name="ImportPath" Val="$PPRDIR/../../../../../PROC_MC/PROC_MC.srcs/sources_1/imports/new/PROCESSOR_MC.vhd"/>
        <Attr Name="ImportTime" Val="1589842554"/>
        <Attr Name="UsedIn" Val="synthesis"/>
        <Attr Name="UsedIn" Val="simulation"/>
      </FileInfo>
    </File>
    <File Path="$PSRCDIR/sources_1/imports/new/dec.vhd">
      <FileInfo>
        <Attr Name="ImportPath" Val="$PPRDIR/../../../../../ACE312_PROC_SC/ACE312_PROC_SC.srcs/sources_1/imports/new/dec.vhd"/>
        <Attr Name="ImportTime" Val="1587755752"/>
        <Attr Name="UsedIn" Val="synthesis"/>
        <Attr Name="UsedIn" Val="simulation"/>
      </FileInfo>
    </File>
    <File Path="$PSRCDIR/sources_1/imports/new/immed_handlr.vhd">
      <FileInfo>
        <Attr Name="ImportPath" Val="$PPRDIR/../../../../../ACE312_PROC_SC/ACE312_PROC_SC.srcs/sources_1/imports/new/immed_handlr.vhd"/>
        <Attr Name="ImportTime" Val="1587479079"/>
        <Attr Name="UsedIn" Val="synthesis"/>
        <Attr Name="UsedIn" Val="simulation"/>
      </FileInfo>
    </File>
    <File Path="$PSRCDIR/sources_1/imports/new/mux.vhd">
      <FileInfo>
        <Attr Name="ImportPath" Val="$PPRDIR/../../../../../ACE312_PROC_SC/ACE312_PROC_SC.srcs/sources_1/imports/new/mux.vhd"/>
        <Attr Name="ImportTime" Val="1587425043"/>
        <Attr Name="UsedIn" Val="synthesis"/>
        <Attr Name="UsedIn" Val="simulation"/>
      </FileInfo>
    </File>
    <File Path="$PSRCDIR/sources_1/imports/new/mux_2_1.vhd">
      <FileInfo>
        <Attr Name="ImportPath" Val="$PPRDIR/../../../../../ACE312_PROC_SC/ACE312_PROC_SC.srcs/sources_1/imports/new/mux_2_1.vhd"/>
        <Attr Name="ImportTime" Val="1587422531"/>
        <Attr Name="UsedIn" Val="synthesis"/>
        <Attr Name="UsedIn" Val="simulation"/>
      </FileInfo>
    </File>
    <File Path="$PSRCDIR/sources_1/imports/new/mux_2_1_5bit.vhd">
      <FileInfo>
        <Attr Name="ImportPath" Val="$PPRDIR/../../../../../ACE312_PROC_SC/ACE312_PROC_SC.srcs/sources_1/imports/new/mux_2_1_5bit.vhd"/>
        <Attr Name="ImportTime" Val="1587423618"/>
        <Attr Name="UsedIn" Val="synthesis"/>
        <Attr Name="UsedIn" Val="simulation"/>
      </FileInfo>
    </File>
    <File Path="$PSRCDIR/sources_1/new/mux_3_1.vhd">
      <FileInfo>
        <Attr Name="ImportPath" Val="$PPRDIR/../../../../../PROC_MC/PROC_MC.srcs/sources_1/new/mux_3_1.vhd"/>
        <Attr Name="ImportTime" Val="1589733691"/>
        <Attr Name="UsedIn" Val="synthesis"/>
        <Attr Name="UsedIn" Val="simulation"/>
      </FileInfo>
    </File>
    <File Path="$PSRCDIR/sources_1/imports/new/plain_reg.vhd">
      <FileInfo>
        <Attr Name="ImportPath" Val="$PPRDIR/../../../../../ACE312_PROC_SC/ACE312_PROC_SC.srcs/sources_1/imports/new/plain_reg.vhd"/>
        <Attr Name="ImportTime" Val="1587899432"/>
        <Attr Name="UsedIn" Val="synthesis"/>
        <Attr Name="UsedIn" Val="simulation"/>
      </FileInfo>
    </File>
    <File Path="$PSRCDIR/sources_1/imports/new/ram.vhd">
      <FileInfo>
        <Attr Name="ImportPath" Val="$PPRDIR/../../../../../ACE312_PROC_SC/ACE312_PROC_SC.srcs/sources_1/imports/new/ram.vhd"/>
        <Attr Name="ImportTime" Val="1587768307"/>
        <Attr Name="UsedIn" Val="synthesis"/>
        <Attr Name="UsedIn" Val="simulation"/>
      </FileInfo>
    </File>
    <File Path="$PSRCDIR/sources_1/imports/new/register_file.vhd">
      <FileInfo>
        <Attr Name="ImportPath" Val="$PPRDIR/../../../../../ACE312_PROC_SC/ACE312_PROC_SC.srcs/sources_1/imports/new/register_file.vhd"/>
        <Attr Name="ImportTime" Val="1587755380"/>
        <Attr Name="UsedIn" Val="synthesis"/>
        <Attr Name="UsedIn" Val="simulation"/>
      </FileInfo>
    </File>
    <File Path="$PSRCDIR/sources_1/new/TOP_CPU_MC.vhd">
      <FileInfo>
        <Attr Name="ImportPath" Val="$PPRDIR/../../../../../PROC_MC/PROC_MC.srcs/sources_1/new/TOP_CPU_MC.vhd"/>
        <Attr Name="ImportTime" Val="1589842525"/>
        <Attr Name="UsedIn" Val="synthesis"/>
        <Attr Name="UsedIn" Val="simulation"/>
      </FileInfo>
    </File>
    <Config>
      <Option Name="DesignMode" Val="RTL"/>
      <Option Name="TopModule" Val="TOP_CPU_MC"/>
      <Option Name="TopAutoSet" Val="TRUE"/>
    </Config>
  </FileSet>
  <FileSet Name="constrs_in" Type="Constrs" RelSrcDir="$PSRCDIR/constrs_1">
    <Filter Type="Constrs"/>
    <Config>
      <Option Name="ConstrsType" Val="XDC"/>
    </Config>
  </FileSet>
  <FileSet Name="utils" Type="Utils" RelSrcDir="$PSRCDIR/utils_1">
    <Filter Type="Utils"/>
    <Config>
      <Option Name="TopAutoSet" Val="TRUE"/>
    </Config>
  </FileSet>
  <Strategy Version="1" Minor="2">
    <StratHandle Name="Vivado Synthesis Defaults" Flow="Vivado Synthesis 2019"/>
    <Step Id="synth_design"/>
  </Strategy>
</GenRun>
